player name,def_cluster
Pierre Oriola,B
Usman Garuba Alari,B
Rolands Smits,A
Nikola Kalinic,A
Adam Hanga,A
Mike Tobey,B
Leandro Bolmaro,A
Nick Calathes,A
Kyle Kuric,A
Klemen Prepelic,A
Ante Tomic,B
Ferran Bassas,A
Sam Van Rossom,A
Rokas Giedraitis,A
Derrick Williams,A
Joel Parra Lopez,A
Pierria Henry,A
Vladimir Brodziansky,B
Alejandro Abrines Redondo,A
Nikola Mirotic,A
Martin Hermannsson,A
Tadas Sedekerskis,A
Simon Birgander,B
Carlos Alocen,A
Jaycee Carroll,A
Stan Okoye,A
Louis Labeyrie,B
Albert Ventura,A
Edy Tavares,B
Zoran Dragic,A
Dino Radoncic,A
Laurynas Beliauskas,A
Rafa Martinez,A
Juan Pablo Vaulet,A
Faggiano,A
Clevin Hannah,A
Andrew Albicy,A
Emanuel Ion Cate,B
Nemanja Radovic,A
Sadiel Rojas,A
Tim Abromaitis,A
TJ Campbell,A
Scott Eatherton,B
Adam Waczynski,A
Viny Okouo,B
Deon Thompson,B
John Shurna,A
Steven Enoch,B
Youssoupha Ndoye,B
Alec Peters,A
Nicholas Kay,B
Achille Polonara,B
Alec Brown,A
Jan Span,A
Ruben Guerrero,B
Aleksa Avramovic,A
Christian Eyenga,A
Seth Hinrichs,A
Leo Meindl,A
Conor Morgan,B
Johnny Dee,A
Jeffery Taylor,A
Bojan Dubljevic,B
Francisco Alonso,A
Tobias Borg,A
Oriol Pauli,A
David Jelinek,A
Sergi Garcia,A
Jake Cohen,B
Victor Arteaga,B
Obi Emegano,A
Brandon Davies,B
Nenad Dimitrijevic,A
James Feldeine,A
Fabien Causeur,A
Yankuba Sima,B
Christopher Czerapowicz,A
Pere Tomas Noguera,A
Alberto Abalde,A
Alvaro Munoz,A
Dario Brizuela,A
Tomas Dimsa,A
Pablo Almazan Sierra,A
Jordan Davis,A
Melo Trimble,A
Angel Delgado,B
Ziga Samar,A
Tonye Frank Jekiri,B
Cory Higgins,A
Pau Ribas,A
Augusto Lima,B
Nemanja Djurisic,A
Guillem Vives,A
Albert Oliver,A
Babatunde Olumuyiwa,B
Kassius Robertson,A
Jeremy Senglin,A
Axel Bouteille,A
Oliver Stevic,B
Javier Beiran,A
Tomas Bellas,A
Nicolas Laprovittola,A
Laurynas Birutis,B
Aleksander Balcerowski,B
Ilimane Diop,B
Fernando San Emeterio,A
John Daniel Roberson Roberson,A
Julen Olaizola,B
Alex Suarez,A
Xabi Oroz,A
Youssoupha Fall,B
Matthew Costello,B
William Magarity,B
Billy Yakuba Ouattara,A
Chema Gonzalez,B
Edgar Vicedo,A
Arturs Kurucs,A
Martynas Sajus,B
Mike Daum,A
Alberto Diaz,A
D.J. Strawberry,A
Adams Sola,A
Frankie Ferrari,A
Rudy Fernandez,A
Sergio Llull,A
Makai Mason,A
Aleksandar Cvetkovic,A
Joan Sastre,A
Xabier Lopez-Arostegui,A
Trey Thompkins,A
Jaime Fernandez Bernabe,A
Luca Vildoza,A
Eulis Baez,A
A.J. Slaughter,A
Bandja Sy,A
Conner Frankamp,A
Marc Garcia,A
Shawn Dawson,A
Daniel Perez,A
Ignacio Llovet Camp,A
Kyle Alexander,B
Nick Spires,A
Guillem Jou,A
Yannick Nzosa,B
Jerome Jerry Randle,A
Jonathan Beye Tabu Eboma,A
Jerome Jordan,B
Peter,A
Gabriel Deck,A
Artem Pustovyi,B
Leo Westermann,A
Pepe Pozas,A
Malik Dime,B
Volodymyr Gerun,B
Haukur Helgi Palsson,A
Michael Kaz Carlson,B
David DiLeo,A
Victor Claver,A
Jose Juan Barea Mora,A
Beka Burjanadze,A
Kwan Cheatham Jr.,B
Jaime Echenique,B
Alessandro Gentile,A
Kartal Ozmizrak,A
Tomasz Gielo,B
Jovan Novak,A
Tyson Perez,A
Pau Gasol,B
Dovydas Giedraitis,A
Matt Janning,A
Brandone Francis,A
Vincent Yann Poirier,B
Siim-Sander Vene,A
Edwin Jackson,A
Isaiah Taylor,A
Lahaou Konate,A
Victor Wembanyama,B
Bandja Sy,A
Matthew Strazel,A
Steeve Ho You Fat,B
Devante Jones,A
Retin Obasohan,A
Jonah Mathews,A
Axel Philippe Jean Julien,A
Frantz Massenat,A
James Palmer Jr.,A
Hugo Benitez,A
David Lighty,A
Billy Yakuba Ouattara,A
Maxime Courby,A
Pierre Pelos,B
Youssoupha Fall,B
Bilal Coulibaly,A
Elie Okobo,A
Alpha Diallo,A
Perry Ellis,A
Donatas Motiejunas,B
Antoine Diot,A
Boris Dallo,A
Enzo Goudou-Sinha,A
Jaron Blossomgame,A
Josh Carlton,B
Jordan Floyd,A
Amine Noua,A
Matt Morgan,A
Dominic Artis,A
Yoan Makoundou,B
Hugo Robineau,A
John Brown,A
Dominik Olejniczak,B
Benjamin Sene,A
Giovan Oniangue,A
Landing Sane,B
Amar Gegic,A
Michael Stockton,A
Tyren Johnson,B
Stefan Moody,A
Paul Rigot,A
Terry Allen,B
Timothe Vergiat,A
Vafessa Moise Fofana,A
Romuald Morency,A
Stephane Gombauld,B
Caleb Walker,A
Jakeenan Gant,A
Szilard Benke,A
Thomas Cornely,A
Mbaye Ndiaye,A
Yannis Morin,B
Gerald Ayayi,A
Ismael Kamagate,B
Ronald March,A
Kevin Kokila,B
Silvio De Sousa,B
Garlon Green,A
Alexander Tyus,B
Zoran Nikolic,B
Charles-Noe Abouo,A
Lucas Dussoulier,B
Gauthier Denis,A
Justin Robinson,A
Markeith Cummings,B
T.J. Campbell,A
Nadir Hifi,A
Valentin Chery,B
Allan Dokossi,B
Marcus Gomis,A
Charles Lombahe Kahudi,A
Johan Passave-Ducteil,B
JaJuan Johnson,B
Keith Hornsby,A
Shevon Thompson,B
Renathan Ona Embo,A
Yves Pons,A
Vincent Edwards,B
Clement Frisch,A
Amadou Sow,B
Arthur Bruyas,A
Enzo Shahrvin,B
Mike James,A
Vitalis Chikoko,B
Hamady Ndiaye,B
Amida Brimah,B
Garrett Sim,A
Antony Labanca,A
Ryan Mikesell,B
Williams Narace,A
Matthieu Gauzin,A
Neal Sako,B
Bastien Pinault,A
Aamir Simms,B
Nando de Colo,A
Alexandre Pierre Louis Chassang,B
Kadri Moendadze,A
Stephen Brown,A
Benoit Mangin,A
Donta Hall,B
Isiaha Mike,B
Kyle Foster,A
Maxime Roos,B
Tyrone Wallace,B
Justin Patton,B
Emmanuel Nzekwesi,B
Terry Tarpey,A
Dylan Affo Mama,A
Juhann Mathieu Begarin,B
Armel Traore,A
Rion Cortez Brown,A
Kaza Kajami-Keane,A
Mike Scott,B
Kim Tillie,A
Milan Barbitch,A
Bruno Cingala-Mata,B
Hans Vanwijn,A
Jeremy Evans,B
Meredis Houmounou,A
Axel Toupane,A
Tres Tinkle,A
Ronald Curry,A
Jordan Loyd,A
Hugo Besson,A
Miralem Halilovic,B
TaShawn Thomas,A
Kyle Allman,A
Justin Bibbins,A
Jaime Smith,A
Tremont Waters,A
Trevon Scott,A
Gaylor Curier,A
Abdoulaye Saadi N'Doye,A
Kenny Boynton,A
Donte Lamont Grantham,A
Rudy Demahis Ballou,A
Robert Johnson,A
Ike Nwamu,A
Kyle Christopher Vinales,A
Frank Mason III,A
Keandre Cook,A
Parker Jackson-Cartwright,B
Gabe DeVoe,B
Frank Gaines,A
Abdoulaye Ndoye,A
C.J. Williams,A
Aaron Henry,A
Tahjere McCall,A
Barry Brown,A
Tyus Battle,A
Nicolas Laprovittola,A
Vincent Yann Poirier,B
Rolands Smits,B
Guerschon Yabusele,A
Edy Tavares,B
Pau Ribas,A
Ante Tomic,B
Joel Parra Lopez,A
Nikola Mirotic,A
Guillem Vives,A
Albert Ventura,A
Kyle Kuric,A
Sergi Martinez Costa,A
Derek Willis,A
Steven Enoch,B
Nigel Hayes,A
Josep Busquets,A
Nick Calathes,A
Jayson Granger,A
Simone Fontecchio,A
Wade Baldwin IV,B
Simon Birgander,B
Rokas Jokubaitis,A
Sergio Llull,A
Rokas Giedraitis,A
Brandon Davies,B
Andres Feliz Sarita,A
Adam Hanga,A
Matthew Costello,B
Jaime Pradilla,A
Fabien Causeur,A
Vanja Marinkovic,A
Miquel Salvo,A
Bojan Dubljevic,B
Tadas Sedekerskis,A
Sertac Sanli,B
Dylan Jonathan Howell Ennis McIntrye,A
Augusto Lima,B
Dino Radoncic,A
Oriol Pauli,A
Tryggvi Hlinason,B
Emanuel Ion Cate,B
Nemanja Radovic,A
Dairis Bertans,A
Tomas Bellas,A
Thomas Scrubb,A
Adam Waczynski,A
Nico Brussino,A
Josep Puerto,A
Jordan Sakho,B
Thaddeus McFadden,A
Jordan Davis,A
Gytis Masiulis,A
Isaiah Taylor,A
Dusan Ristic,B
Angel Delgado,B
Shannon Evans,A
Jasiel Rivero Fernandez,B
Kassius Robertson,A
Codi Miller-McIntyre,A
Erik Quintela,A
Khalifa Diop,B
Jeffery Taylor,A
Tyler Kalinosky,A
Louis Labeyrie,A
Clevin Hannah,A
Xabier Lopez-Arostegui,A
Sadiel Rojas,A
Rafa Freire Luz,A
Artem Pustovyi,B
Jeff Withey,B
Pablo Almazan Sierra,A
Kyle Alexander,B
Ivan Cruz,A
Laurynas Birutis,B
Vitto Brown,A
James Webb,A
A.J. Slaughter,A
Rodrigo Miguel,A
Braydon Hobbs,A
Marko Lukovic,A
John Shurna,A
Jovan Novak,A
Rasid Mahalbasic,B
Henry Ellenson,B
Kwan Cheatham Jr.,B
Moussa Diagne,B
Alberto Abalde,A
Oliver Stevic,A
Mindaugas Kacinas,A
Andrew Crawford,A
Victor Arteaga,B
Sergi Quintela Salvador,A
Alex Reyes,A
Ludde Hakanson,A
Christopher Czerapowicz,A
Martin Hermannsson,A
Alvaro Munoz,A
Viny Okouo,B
Andrew Goudelock,A
Jonathan Rousselle,A
Ziga Samar,A
Rudy Fernandez,A
Dzanan Musa,A
Babatunde Olumuyiwa,B
Andrew Albicy,A
Fernando Zurbriggen,B
Arturs Kurucs,A
Trae Bell-Haynes,A
Christian Eyenga,A
Leo Meindl,A
Conor Morgan,A
Nigel Williams-Goss,A
Laurynas Beliauskas,A
Hans Vanwijn,B
Obi Emegano,A
Mario Nakic,A
Vladimir Brodziansky,B
Thomas David Heurtel,A
Edgar Vicedo,A
Brandon Paul,A
Anzejs Pasecniks,B
Anthony Randolph,A
Deon Thompson,B
Mike Tobey,B
Ilimane Diop,B
David Jelinek,A
Beka Burjanadze,A
Alex Suarez,A
Ignacio Llovet Camp,A
Damien Inglis,A
Matt Mobley,A
Victor Claver,A
Gabriel Deck,A
Eulis Baez,A
Alec Peters,A
Alejandro Abrines Redondo,A
Aleksandar Cvetkovic,A
Sam Van Rossom,A
Omar-Sharif Cook,A
Pepe Pozas,A
Nenad Dimitrijevic,A
Chris Kramer,A
Santiago Yusta,A
Dante Exum,A
Cory Higgins,A
Ferran Bassas,A
Dragan Milosavljevic,A
Valentin Bigote,A
Jacob Wiley,B
Klemen Prepelic,A
Tarik Phillip,A
Stan Okoye,A
Philip Scrubb,A
Arturas Gudaitis,B
Georgios Papagiannis,B
Derrick Williams,A
Panagiotis Kalaitzakis,A
Thomas Walkup,A
Aleksandar Vezenkov,A
Giannoulis Larentzakis,A
Joel Bolomboy,B
Paris Lee,A
Alec Peters,A
Michail Lountzis,A
Lefteris Mantzoukas,A
Lefteris Bochoridis,A
Georgios Kalaitzakis,A
Kostas Papanikolaou,A
Mateusz Ponitka,A
Moustapha Fall,B
Konstantinos Sloukas,A
Vassilis Mouratos,A
Anthony Cowan Jr.,A
Arnoldas Kulboka,B
Shaquielle McKissic,A
Yanick Moreira,B
Omer Netzip Oglou,A
Linos Chrysikopoulos,A
Nikos Gkikas,A
Noah Horchler,A
Janaud Notae,A
Vasileios Toliopoulos,A
Giorgos Bogris,B
Michalis Tsairelis,A
Dmitrios Katsivelis,A
Giannis Agravanis,A
Chevez Goodwin,B
A.J. Davis,A
Rayshawn Simmons,A
Nick Griffin,A
Davonte Lacy,A
Zois Karampelas,A
George Conditt IV,B
Giannis Athinaiou,A
Sarantis Mastrogiannopoulos,A
Ibrahim Sylla,B
Nikolaos Arsenopoulos,A
Savion Flagg,A
Giorgos Fillios,A
Tarik Black,B
Deontae Hawkins,A
Emmanouil Chatzidakis,B
David Gabrovsek,B
Omar Calhoun,A
Sayeed Pridgett,A
Petros Geromichalos,B
Vangelis Mantzaris,A
Nemanja Dangubic,A
Marius Grigonis,A
Marquis Teague,A
Charalampos Giannopoulos,A
Elijah Mitrou-Long,A
Chris Coffey,A
Josh Hagins,A
Alexandros Nikolaidis,A
Ismael Sanogo,A
Loukas Mavrokefalidis,B
Dwayne Bacon,A
Michael Andre Dixon Jr,A
Justin Gray,A
Kendall Smith,A
Isaiah Canaan,A
Theodoros Zaras,A
Iosif Koloveros,A
Nate Wolters,A
Dustin Hogue,B
Angel Nunez,A
Cyril Langevine,B
Trevis Simpson,A
Jim Boeheim,A
Alex Hunter,A
T.J. Starks,A
Alonzo Verge,A
Sean Evans,B
David Iriarte,B
Thomas Bropleh,A
German Martinez,A
Lluis Costa,A
Alex Murphy,A
Manuel Rodriguez,A
Sergi Quintela Salvador,A
Adam Sollazzo,A
Kevin Ricki Larsen,B
Jonas Zohore-Bergstedt,B
Chumi Ortega Soriano,A
Txemi Urtasun,A
Jorge Alain Bilbao Torrontegui,B
Seydou Aboubacar Hima,B
Christian Diaz Rodriguez,A
Erik Quintela,A
Mateo Diaz,A
Alejandro Galan,B
Mindaugas Kacinas,A
Ivan Cruz,A
Justin Pitts,A
Mo Soluade,A
Rolandas Jakstas,A
Duje Dukan,B
Osvaldas Matulionis,A
Javier Vega,A
Dagoberto Pena,A
Oscar Alvarado,A
Gaizka Maiza Apecechea,A
Cheikh Fall,B
Juan Jose Garcia,A
Edu Duran,A
Stojan Gjuroski,A
Joel Sabate,A
Alejandro Daniel Bortolussi Saluzzo,A
Zachary Michael Monaghan,A
Rafael Huertas,A
Jose Salvador Arco,A
Ronnie Harrell Jr.,A
Sean McDonnell,A
Edu Martinez,A
Andre Lazar Norris Jr,A
Jeffrey Solarin,B
Clint Robinson,B
Jose Ignacio Nogues,A
Gary McGhee,B
Alejandro Hernandez,A
Nikola Cvetinovic,B
Carles Bivia,A
Joan Faner Fahner Catala,A
Marc-Eddy Norelia,B
Elijah Brown,A
Arnaud William Adala Moto,A
Micah Speight,A
Juan Rubio,A
Carlos Noguerol Barrenechea,A
Chuso Gonzalez,A
Eduard Gatell,B
Patrick Whelan,A
Robert Michael Harris II,A
Oliver Arteaga,B
Herve Kabasele Kasonga,B
Albert Sabat,A
David Navarro,A
Davis Rozitis,B
Ferran Ventura Pedreno,A
Sasa Borovnjak,B
Alf Sylvester Berg Pedersen,A
Papa Mbaye,B
Marc Marti,A
Agusti Sans,A
Justin Tafari Raffington,B
Daniel Rodriguez,A
Filip Djuran,A
Aaron Menzies,B
Francisco Del Aguila,B
Miguel Gonzalez,A
Andris Misters,A
Reed Timmer,A
Jacob Round,A
Tomas Pavelka,B
Sergio Mendiola,B
Karamo Jawara,B
Adrian Chapela,A
Eddy Polanco,A
Ryan Logan,A
Kevin Bercy,B
Adonys Henriquez,A
Cameron Oluyitan,A
Mikel Sanz,A
Djordje Dimitrijevic,A
Michael Buchanan,B
Robert Cosialls,A
Luciano Massarelli,A
Roeland Schaftenaar,B
Jose Ignacio Martin Monzon,B
Miguel Feliu,A
Jorge Lafuente,A
Matej Kavas,A
Ivan Martines Munumer,A
Jubril Adekoyo,A
Mathieu Kamba,A
Alec Wintering,A
Antoine Mason,A
Harald Frey,A
Olaf Schaftenaar,A
Aitor Zubizarreta,A
Joey Van Zegeren,B
Jose Maria Gil,B
Sean Smith,A
Ander Urdiain Labayen,A
Biram Faye,B
Ayoze Alonso,A
Serigne Barro,B
Mirza Bulic,B
Jeffrey Xavier,A
Alejandro Mazaira,A
Jorge Sanz,A
Mikel Uriz,A
Kris Joseph,A
Spencer Reaves,A
Arkeem Joseph,B
Preston Purifoy,A
Devin Schmidt,A
Sergio De La Fuente,A
Chukwukelue Okeke,B
Daniel De La Rua De Augustin,A
Gerard Sevillano,A
Alberto Ruiz De Galarreta Fernandez,A
Toledo,A
David Cubillan,A
Pedro Llompart Uson,A
Nicolas Richotti,A
Daniel Clark,B
Ignacio Rosa Pompido,B
Kevin van Wijk,A
Joan Tomas,A
Strahinja Gavrilovic,B
Pablo Ferreiro Costas,A
Diogo Emanuel de Sousa Anjo Brito,A
Conner Toolson,A
Luis Maria Parejo Camacho,A
Jabari Narcis,B
Ramon Vila,B
Justin Kohajda,B
Alberto Martin,A
Kimbal Mackenzie,A
Sami Eleraky,B
Ricardo Uriz,A
Khadim Sow,B
Kaspars Vecvagars,A
Diego Kapelan,A
Federico Ucles Belmonte,A
Kari Jonsson,A
Bryce Douvier,A
Noah Allen,A
Will Butler,B
Gregory Robert Gantt,A
Matt Stainbrook,B
Jaron Michael Martin,A
Moussa Kone,B
Marinus Lucas N'Guessan,B
Roma Bas Mari,A
Sigtryggur Arnar Bjornsson,A
Lotanna Nwogbo,B
Ander Martinez De La Orden,A
Saul Blanco,A
Nedim Dedovic,A
Facundo Corvalan,A
Michael Carrera Gamboa,B
Joan Pardina,A
Andre Spight,A
Francisco Javier Cardenas Maldonado,A
Jaan Puidet,A
Evan Michael Yates,B
Raven Barber,B
Augustas Peciukevicius,A
Tyler Rawson,A
Miguel Gonzalez,A
Albert Sabat,A
Thomas Schreiner,A
Toledo Zamora Carlos,A
Josep Franch,A
Jaume Sorolla,B
Judicael Romaric Belemene Dzabatou,A
Adams Sola,A
Eric Vila,A
Albert Lafuente Siso,A
Mads Bonde Sturup,A
Ignacio Arroyo Varela,A
Jaume Lobo Martorell,A
Chumi Ortega Soriano,A
Alf Sylvester Berg Pedersen,A
Duje Dukan,B
Julen Olaizola,B
Jose Ignacio Martin Monzon,A
Roberts Blumbergs,B
Jorge Sanz,A
Prince Ali,A
Davis Geks,A
Alec Wintering,A
Jordy Kuiper,A
Johnny Dee,A
Bamba Fall,B
Jaan Puidet,A
Benoit Mbala Mendzana,B
Kaspars Vecvagars,A
Michael Carrera Gamboa,B
Mo Soluade,A
Javier Vega,A
Noah Allen,A
Melwin Jan Pantzar,A
Sean McDonnell,A
Micah Speight,A
Devin Schmidt,A
Mateo Diaz,A
Faggiano,A
Javier Beiran,A
Johan Jerker Lofberg,A
Felipe Dos Anjos,B
Justin Tafari Raffington,B
Nick Ward,B
Mark Hughes,A
Mathieu Kamba,A
Sergio De La Fuente,A
Kavion Pippen,B
Daniel Rodriguez,A
Mario Delas,B
Nemanja Djurisic,A
Maximo Fjellerup,A
Alexis Bartolome Frases,A
Lluis Costa,A
Arvydas Gydra,A
Nikola Rakocevic,A
Carles Bivia,A
Jorge Lafuente,A
Osvaldas Matulionis,A
Domagoj Proleta,B
Alejandro Mazaira,A
Joel Sabate,A
Eduard Gatell,B
Fran Pilepic,A
Thomas Bropleh,A
Robertas Grabauskas,B
Calvin Hermanson,A
Matej Kavas,A
Tomas Pavelka,B
Eddy Polanco,A
Frederic Stutz,B
Kevin Bercy,B
Ander Martinez De La Orden,A
Oliver Arteaga,B
Oscar Alvarado,A
Nedim Dedovic,A
Menno Dijkstra,B
Rodrigo Seoane,A
Joan Feliu Espejo,A
Pere Tomas Noguera,A
Charles Barton,A
James Ellisor,A
Fabio Santana,A
Benjamin Simons,A
Ioannis Dimakopoulos,B
Konstantin Iroslavov Kostadinov,B
Adrian Chapela,A
Rafael Casanova,A
Aitor Zubizarreta,A
Kyle Mallers,A
Gaizka Maiza Apecechea,A
Mikel Sanz,A
Juan Rubio,A
Ondrej Hanzlik,A
Manex Ansorregui,A
Jacobo Diaz Alejano,A
German Martinez,A
Inigo Royo,A
Aegir Thor Steinarsson,A
Mamadou Ndieye Niang,B
David Cuellar Garcia,A
Davis Rozitis,B
Rolandas Jakstas,A
Mouhamed Barro,B
Joan Faner Fahner Catala,A
Pol Figueras Lopes,A
Pavel Savkov,A
Benat Hevia,A
Juan Aleberto Esteves-Garcia Coffi,A
David Hook,A
Sergi Costa Vazquez,A
Alejandro Llorca Castillo,A
David Iriarte,B
Atouman Diagne,B
Edu Martinez,A
Alonso Meana Perez,A
Karamo Jawara,A
Pablo Hernandez Montenegro,A
Ayoze Alonso,A
Miguel Allen Montesdeoca,B
Ashley Hamilton,B
Aaron Menzies,B
Devon van Oostrum,A
Jalen Nesbitt,A
Kadre Gray,A
Fausto Ruesga,A
Ruben Dominguez Gonzales,A
Tarontate De Shawn Crocki,A
Gerard Sevillano,A
Manuel Rodriguez,A
Sergio Mendiola,B
Joey Van Zegeren,B
Adria Domenech,B
Ander Urdiain Labayen,A
Robert Cosialls,A
Ignacio Rosa Pompido,B
Zachary Michael Monaghan,A
Kai Edwards,B
Herve Kabasele Kasonga,B
Wesley David Van Beck,A
Roeland Schaftenaar,B
Pedro Llompart Uson,A
Mikel Motos,A
Shaquille Cleare,B
Arnau Parrado Calabria,A
Karl Olle V. Lundqvist Lundqvist,A
Marc Blanch Espinal,A
Ibon Guridi,A
Marc Penarroya,A
Aitor Etxeguren,B
Juan Ignacio Marcos,A
Marc Gasol,B
Goncalo Delgado,B
Guillem Arcos Gonzalez,A
Amaury Gorgemans,B
Alejandro Hernandez,A
Anthony Elechi,A
Jorge Alain Bilbao Torrontegui,B
Carlos Noguerol Barrenechea,A
Serigne Barro,B
Amadi Ikpeze,B
Christian Diaz Rodriguez,A
Josep Perez,A
Andres Ibarguen,B
Boyd Kjeld van der Vuurst de Vries,A
Jeffrey Xavier,A
Xabi Oroz,A
Joan Tomas,A
Ryan Nicholas,A
Jaime Fernandez Manzanares,B
Xavier Rey Sanuy,B
Paul Jorgensen,A
Justin Pitts,A
Hansel Giovanny Atencia Suarez,A
Njegos Sikiras,A
Chris-Ebou Ndow,A
Dominic Gilbert,A
Zaid Hearst,A
Edwin Jackson,A
Olaf Schaftenaar,A
Abdou Thiam,B
Thomas De Thaey,A
Serhii Pavlov,B
Yannis Mendy,B
Keith Omoerah,A
Thomas Klepeisz,A
Yago Mateus dos Santos,A
Karim Jallow,A
Robin Manuel Christen,A
Joshua Hawley,A
Juan Nunez Garcia,A
Harald Frey,A
Freddie Gillespie,B
DeWayne Russell,A
Jan-Niklas Wimberg,A
Till Pape,B
Brandon Paul,A
TJ Holyfield,B
Trey Drechsel,A
Rayshaun Hammonds,B
Harper Kamp,B
Ognjen Jaramaz,A
Javon Anthony Bess,A
Isaac Bonga,A
Fedor Zugic,A
John Bryant,B
Bogdan Radosavljevic,B
Robin Amaize,A
Louis Olinde,A
Martin Breunig,B
Maximilian Ugrai,B
Lukas Wank,A
Torrian Corey Walden,A
Myles Stephens,A
Nick Weiler-Babb,A
Kalif Young,B
Arunas Mikalauskas,A
Ahmed Hill,A
Jaren Michael Lewis,B
Maximilian DiLeo,A
Len Schoormann,A
Ziga Samar,A
Stanley Whittaker,A
Cameron Hunt,A
Selom Mawugbe,B
Mark Smith,A
O'Showen Williams,A
Malte Delow,A
Bastian Doreth,A
Mathis Monninghoff,A
Sid-Marlon Theis,A
Johannes Thiemann,A
Vincent Kesteloot,A
Edon Maxhuni,A
Jonas Wohlfarth-Bottermann,B
Lukas Meisner,A
Tremmell Darden,A
Geno Crandall,A
Kay Bruhnke,A
Jonas Mattisseck,A
Till Gloger,B
Filip Stanic,B
Nicholas Tischler,A
Brandon Tischler,A
Tim Schneider,A
Fabian Bleck,B
Kostja Mushidi,A
Cassius Winston,A
Owen Klassen,B
Elias Lasisi,A
Jaleen Smith,A
Eric Washington,A
Jackson Rowe,B
Christoph Philipps,A
Sananda Fru,B
Quantez Robertson,A
Andreas Obst,A
Bennet Hundt,A
Otis Livingston II,A
Stephon Jelks,A
Yanni Wetzell,B
Derrick Alston Jr.,A
JeQuan Lewis,A
Asbjorn Midtgaard,B
Julius Bohmer,A
David Kramer,A
Nijal Pearson,A
Bruno Caboclo,B
Seth Hinrichs,A
Luc Van Slooten,A
Sasha Mattias Grant,A
Yoeli Childs,B
Kristopher Clyburn,A
Christopher Carter,A
Nat-Sidi Diallo,B
Maurice Stuckey,A
Maodo Lo,A
Brandon Childress,A
Tanner Leissner,A
Nico Carvacho,B
Christ Koumadje,B
Mitchell Ballock,A
Collin Welp,B
Joshua Obiesie,A
Alen Pjanic,A
Charles Callison,A
Akeem Vargas,A
Yovel Zoosman,A
Jason George,A
James Frazier,A
Bryan Griffin,B
David Fuchs,B
Paul Zipser,A
Luke Sikma,B
Patrick Miller,A
Tim Coleman,A
Gabriele Procida,A
Norris Agbakoko,B
Felix Hoffmann,A
Tyler Nelson,A
Ben Lammers,B
Laurynas Beliauskas,A
Braydon Hobbs,A
Shyron Ely,A
Jordan Roland,A
Benedikt Turudic,B
Jilson Bango,B
Tamir Blatt,A
Osaro Jurgen Rich,B
Lucas Herzog,A
Marcus Lewis,A
Ignas Sargiunas,A
Philipp Herkenhoff,B
Kenneth Ogbe,A
Sam Waardenburg,A
James Woodard,A
Einaras Tubutis,B
Elias Harris,B
Hassani Gravett,A
Zylan Cheatham,B
Matt Haarms,B
Isaiah Washington,A
Scottie Reynolds,A
Divine Myles,B
Bruno Vrcic,A
C.J. Bryce,A
Dayon Griffin,A
Augustine Rubit,A
Xeyrius Clifton Williams,B
MaCio Teague,A
De'jon Davis,A
Mario Ihring,B
Jack McVeigh,A
Derek Cooke Jr.,B
Jordan Theodore,A
Marcos Portalez Mur,B
Damian Prgomet,B
Gaizka Maiza Apecechea,A
Ousmane Ndiaye,A
Joseba Querejeta,A
Maximiliano Sole Mouratay,A
Corey Silverstrom,A
Juan Hierrezuelo,B
Erikas Kalinicenko,A
Toni Naspler Peraire,A
Guillem Vazquez Vallejo,A
Hunter Preston,A
Guillermo Bastante,A
Jorge Martinez Cabezudo,A
Martin Fernandez Carballo,A
Sergio Hernandez Benaches,A
Adrian Galvez Orts,A
Luis Verdeguer Ferrer,B
Sergio Romero Sanchez,A
Erik Persson,A
Jeffrey Godspower,A
Oliver Bieshaar,B
Miguel Martinez Hernandez,A
Isaac Mayo Schwandt,A
Eduard Arques Lopez,B
Ondrej Hustak,B
Alejandro Llorca Castillo,A
Sergio Mendiola,B
Nelson Yengue,A
Omar Lo,A
Nolan Patrick Bertain,A
Souleymane Traore,B
Adria Hernandez,A
Antonio Jose Morales Ros,A
Javier Dalmau Roig,A
Franger Jesus Pirela Perez,A
Marc Garcia Calvo,A
Jordi Grimau,B
Ervins Jonats,B
Pol Molins Calderon,A
Thomas Smallwood,B
Diego Gallardo,A
Lang Acoydan McCarthy,A
Didac Cuevas Simarro,A
Alex Tamayo,A
Aleix Haro Val,A
Emilio Martinez,A
Victor Aguiler Hernandez,A
Nedim Dedovic,A
Ignacio Arroyo Varela,A
Garmine Kande Kieli,B
David Font Rodriguez,A
Peter Stumer,A
Diego Alderete Diaz,A
Johan Ernest Bitjaa Kody,B
Ismael Tamba,A
Rodrigo Seoane,A
Isaiah Powell,A
Nyameye Adom,A
Abdou Thiam,A
Pa Mor Diene,A
Pablo Marin Fontan,A
Quim Salvans Hidalgo,A
Kevin Navarro Arrue,A
Alvaro Martinez Clariana,A
Sediq Garuba,A
Tomislav Mihael Buljan,B
Lucas Sigismonti,A
Jordi Rodriguez Stegemeijer,A
Viktor Kovacevic,A
Gerard Jofresa Sarret,A
Josep Peris Crespo,A
Gerard Sevillano,B
Adnan Omeragic,A
Zarko Jukic,A
Maxim Esteban Calvo,A
Jhery Raul Matos Ramirez,A
Joseph Robert Cremo,A
Pau Carreno,A
Milan Suskavcevic,A
Adrian Mendez Carrion,A
Jahvaughn Powell,A
Fausto Ruesga,A
Carles Marzo,A
Zachary John Tavitian,A
Gullit Mukendi,B
Vinicus Da Silva,B
Pau Tendero Tendero Salom,A
Alberto Alonso Cuevas,A
Chukwukelue Okeke,B
Maxime Yomi Kemayou,A
Xavier Assalit,A
Pape Ablaye Sow,A
Guillem Sabates Sala,A
Antonio Burgos Caballero,A
Pablo Yarnoz Lumbreras,A
Ayoze Alonso,A
Ryan Lobreau-Bikindou,B
Alex Rubin de Celis Ferrando,A
Antoni Figuerola Calvo,A
Jose David Gomez,B
Imanol Martinez Pino,A
Joaquin Reyes Barranco,A
Arnau Tarrida,A
Adrian Rodrigues,A
Ismael Carraliza,A
Giedrius Stankevicius,A
Andre Lazar Norris Jr,A
Alberto Martin,A
Danrad Knowles,A
Rob Ukawuba,A
Joshua Tyron Tomaic,A
Gonzalo Iglesias Fernandez,A
Edgar San Epifanio,A
Elijah Thomas,A
Alejandro Zurbriggen,A
Volodymyr Orlov,B
Javier Nicolau,B
Alberto Moreno Trujillo,A
Riley Hayes,B
Micah Elan,A
Dejan Ilincic,B
Nikola Zizic,B
David Orrit,A
Miguel Serrano,A
Anton Bouzan,A
Alvaro Herrera Dominguez,A
Alejandro Ortega,A
Alejandro Bellver,A
Gerardo Perez,A
Aitor Etxeguren,A
Sebastian Bacale Mbansogo Obiang,A
Robert Cosialls,A
Ignasi Belver,B
Jorge Parra Baez,A
Pedro Garcia Carrero,A
Albert Real Lopez,A
Alfonso David Ortiz Mendieta,A
Nil Baques,A
Rafael Vila Bonany,A
Alejandro Harguindey Maneiro,A
Hugo Arbosa,A
Matthew Wilson,A
Goodwin Osarenren,A
Dani de la Rua,A
Javier Marin Ortega,A
Daniel Lorenzo Negrete,A
Borja Mendia Sangroniz,A
Jorge Lafuente,B
David Kristensen,B
Issa Thiam,A
Sergi Pino Capdevila,A
Stefan Andrejevic,B
Luis Ferrando Ortells,A
Ramel Thompkins,A
Carlos Poyatos Parra,B
Anthony Libroia,A
Charles Minlend,A
Miguel Ortega,A
Pablo Cordoba Muro,A
Pablo Fernandez Chocarro,A
Evan Michael Yates,B
Kemel Archer,A
Pau Trevino,B
Oier Ardanza Bernaola,A
Inaki Ordonez Ochoa,A
Yigit Hamza Mestoglu,A
Manuel Vazquez Gil,A
Miguel de Pablo del Castillo,A
Alejandro Rodriguez Aguilar,A
Mario Alvarez Puertas,B
Serigne Ndiaye,A
Adria Rodriguez Juan,A
Alberto Cabrera Garrancho,A
Iker Salazar Ortega,A
Lionel Kouadio,A
Niang Ndongo,B
Albert Homs Aguilar,A
Asier Zengotitabengoa,A
Luis Garcia Munoz,A
German-Ali Kasanzi Obama,A
Luis Maria Parejo Camacho,A
Kasper Suurorg,A
Adrian Del Cerro,A
Juan Aleberto Esteves-Garcia Coffi,A
Mikel Sainz de la Maza,A
Alejandro Rivas Palmer,A
Arturo Fernandez Gomez,A
Gabriel Gil Garcia,A
Massine Fall,B
Jesus Castillo,A
Raul Lobaco Munoz,A
Alejandro Jorda,A
Anyeuri Alberto Castillo Correa,A
Oscar Ngomo Mifumu,A
Marco Echeverria,A
Adria Aragones Navais,A
Atrur Alaminos Banos,A
Yeikson Jose Montero,A
Grant Lozoya,A
Jere Vucica,A
Robinson Odoch Opong,A
Elbert Clark Matthews,A
Ander Urdiain Labayen,A
Justinas Olechnavicius,A
Dylan Bordon,A
Jon Ander Aramburu Lamy,B
Joan Feliu Espejo,A
Wally Niang,B
Raimon Carrasco,A
Adam Fravert,A
Luka Dmitrovic,A
Matija Bilalovic,A
Juan Pedro Jimenez,A
Marc Sese Frasnedo,A
Sebastian Mignani,A
Raimon Sagrista,A
Javier Balastegui Martinez,A
Morgan Stilma,A
Tony Taylor,A
Jeffery Raymar Morgan,B
Amath M'Baye,B
Sek Henry,A
D.J. Kennedy,A
Ivan Strebkov,A
Darko Talic,A
Edin Atic,A
Marko Josilo,A
Hayden Dalton,B
Kasey Shepherd,A
James Metecan Birsen,A
Omar Prewitt,A
Artem Komolov,A
Alexander Gankevich,B
Kyle Wiltjer,B
Petr Benda,B
Martin Kriz,B
Frederic Bourdillon,A
Guy Pnini,A
DeVaughn Akoon-Purcell,A
Tyrus McGee,A
Jackie Carmichael,B
Chris Johnson,A
Darius Thompson,A
Miro Bilan,B
Vojtech Hruban,A
Artis Ate,A
James Bell,A
CJ Harris,A
Dalibor Ilic,A
Sam Dekker,A
Kristers Zoriks,A
Isaiah Miles,B
Anthony Clemmons,A
Raphael Gaspardo,A
Tarik Phillip,A
Willy Workman,A
Nick Perkins,B
Isaiah Pineiro,A
Jason Burnell,A
Kyle Allman,A
Michale Kyser,B
Anton Astapkovich,A
Berkan Durmaz,A
Jeremy Simmons,B
Berk Ugurlu,A
Evgeny Baburin,B
Maxime De Zeeuw,B
Semaj Christon,A
Nick Johnson,A
Eimantas Bendzius,A
Derek Willis,A
Stefano Gentile,A
Marco Spissu,A
Alexander Madsen,A
Retin Obasohan,A
Tomislav Zubcic,A
Michel Diouf,B
Ahmaad Rorie,A
Brandon Rozzell,A
Guy Pnini,A
Rafael Yitshak Menco,A
Joe Ragland,A
Michale Kyser,B
Chris Johnson,A
Frederic Bourdillon,A
Stefan Bircevic,A
Andrija Stipanovic,B
Patrick Neal Richard II,A
Matteo Chillo,B
Elijah Stewart,A
Dustin Hogue,B
Karel Guzman Abreu,A
Aaron Jones,B
Giordano Bortolani,A
DeWayne Russell,A
Nicola Akele,A
Michal Sokolowski,A
Sinan Guler,A
D'Angelo Harrison,A
Tomas Dimsa,A
Wayne McCullough,A
Troy Caupain,A
Gabriel Olaseni,B
Nathan Boothe,A
Isaiah Pineiro,A
Illya Sydorov,A
Dogus Ozdemiroglu,A
Yigit Arslan,A
Dusan Djordjevic,A
Tomislav Zubcic,A
Henry Sims,B
Levi Randolph,A
Elgin Cook,A
Keye van der Vuurst de Vries,A
Mikael Jantunen,A
Adam Smith,A
Berk Ugurlu,B
Phil Booth,A
Jeremy Simmons,B
Miro Bilan,B
Arnas Butkevicius,A
Boris Barac,B
Margiris Normantas,B
Dee Bost,A
Akos Keller,B
Ivan Buva,B
Pako Cruz,A
DeVaughn Akoon-Purcell,A
Pierre-Antoine Gillet,B
David Kravish,B
Gyorgy Goloman,A
Speedy Smith,A
Marvin Clark II,A
DJ Stephens,A
Gytis Radzevicius,A
Brandon Brown,A
Zoltan Perl,A
Benedek Varadi,A
Melo Trimble,A
Kerry Blackshear Jr.,A
D.J. Kennedy,A
Kristjan Kitsing,B
Retin Obasohan,A
Davion Berry,A
Marko Josilo,A
Bonzie Colson II,A
Silas Melson,A
Jalen Adams,A
Amath M'Baye,A
Dedric Lawson,B
Anthony Markel Starks II,A
JeQuan Lewis,B
Kristers Zoriks,A
Szilard Benke,A
Giannis Agravanis,A
Danny Agbelese,B
Vassilis Mouratos,A
Alpha Diallo,A
Tyson Carter,A
Devin Davis,B
Jared Savage,A
Lefteris Bochoridis,A
Andreas Christodoulou,A
Georgios Papagiannis,B
Dimitrios Agravanis,B
Aaron White,A
Ben Bentil,A
Michail Lountzis,A
Petros Geromichalos,B
Konstantinos Milano Mitoglou,B
Ioannis Papapetrou,A
Leonidas Kaselakis,A
Jermaine Love-Roberts,A
Jerai Grant,B
Dimitrios Kaklamanakis,B
Jerian Grant,A
Charalampos Giannopoulos,A
Beau Beech,A
Howard Sant-Roos,A
Malcom Griffin,A
Elston Howard Turner JR,A
Georgios Kamperidis,A
Evangelos Vangelis Margaritis,B
Vassilis Xanthopoulos,A
Shelvin Mack,A
Epameinondas Savvas Papantoniou,A
Kerem Kanter,B
Dominic Artis,A
Theodoros Zaras,A
Kevin Langford,A
Zach Auguste,A
Jeremy Hollowell,B
Sayeed Pridgett,A
Giorgos Tsalmpouris,B
Ioannis Chatzinikolas,A
Nikos Chougkaz,B
Spyridon Motsenigos,A
Andreas Petropoulos,A
Brandon Rush,A
Spyros Mourtos,A
Mario Chalmers,A
Kostas Papadakis,A
Mario Little,A
O.D. Anosike,B
Thomas Kottas,B
Dimitrios Flionis,A
Diamantis Slaftsakis,B
Mihajlo Andric,A
Dimitrios Stamatis,A
Quenton DeCosey,A
Mario Hezonja,A
Ioannis Sachpatzidis,B
Kendrick Brown,A
William Hatcher,A
Mustafa Muhaymin,A
Vasileios Toliopoulos,A
Milan Milosevic,A
Vladimir Dragicevic,B
Jerry Alexander Smith,A
Kenny Goins,A
Eugene Lawrence,A
Jamal Shuler,A
Adam Smith,A
Josh Carter,A
Toddrick Gotcher,A
Gian Clavell Lopez,A
Devin Ebanks,B
Devonte Green,A
Wesley Larmar Washpun,A
Mario Delas,B
Chumi Ortega Soriano,A
Rodrigo Miguel,A
Manuel Rodriguez,A
Rasid Mahalbasic,B
Alex Barrera,A
Alex Lopez,A
Xabi Oroz,A
Gregory Robert Gantt,A
Mathieu Kamba,A
Jordy Kuiper,A
Adam Sollazzo,A
Melwin Jan Pantzar,A
Konstantin Iroslavov Kostadinov,A
Ander Martinez De La Orden,A
Devin Schmidt,A
Sergio De La Fuente,A
Jaan Puidet,A
German Martinez,A
Goran Filipovic,A
Juan Ignacio Marcos,A
Ingus Jakovics,A
Vasilije Vucetic,B
Lotanna Nwogbo,B
Alejandro Galan,A
Aleix Font,A
Javier Vega,A
Marc-Eddy Norelia,B
Judicael Romaric Belemene Dzabatou,A
Miguel Gonzalez,A
Yunio Barrueta,A
Diogo Emanuel de Sousa Anjo Brito,A
Aitor Zubizarreta,A
Joey Van Zegeren,B
Djordje Simeunovic,A
Mike Torres Cuevas,A
Gonzalo Corbalan,A
Justin Jarowsky,A
Aegir Thor Steinarsson,A
Alf Sylvester Berg Pedersen,A
Nikola Rakocevic,A
Alejandro Mazaira,A
Eduard Gatell,B
Alec Wintering,A
Adams Sola,A
Delaney Blaylock,A
Sean Smith,B
David Cuellar Garcia,A
Davis Rozitis,B
Atouman Diagne,B
Alejandro Urtasun,A
Mark Hughes,A
Rauno Nurger,B
Paul Jorgensen,A
Arnau Parrado Calabria,A
Tanner McGrew,A
Kevin Patrick Allen,B
Ivan Aurrecoechea,B
Toms Leimanis,A
Ferran Ventura Pedreno,A
Mindaugas Kacinas,A
Adrian Chapela,A
Sean McDonnell,A
Ibon Guridi,A
Ruben Dominguez Gonzales,A
Ibrahim Magassa,A
Manex Ansorregui,A
Jose Ignacio Nogues,A
Felipe Dos Anjos,B
Agusti Sans,A
Ignacio Llovet Camp,A
Edu Martinez,A
Joan Pardina,A
Fran Pilepic,A
Jorge Alain Bilbao Torrontegui,B
Albert Lafuente Siso,A
Kai Edwards,B
Benat Hevia,A
Kevin Bercy,B
Johnny Dee,A
Nathan Hoover,A
Mikel Sanz,A
Juan Santana,B
Mads Bonde Sturup,A
Menno Dijkstra,B
Ierai Aizpitarte,A
Mateo Diaz,A
Gerard Blat,A
Walter Cabral,B
Alvaro Palazuelos,A
David Hook,A
Sergi Costa Vazquez,A
Daniel Rodriguez,A
Mihajlo Andric,A
Carles Bivia,A
Osvaldas Matulionis,A
Karl Olle V. Lundqvist Lundqvist,A
Javier Menendez-Garcia,B
Frederic Stutz,B
Bamba Fall,B
Oscar Alvarado,A
Xabier Beraza Pozo,A
Samuel Rodriguez,A
Jaime Fernandez Manzanares,B
Guillem Arcos Gonzalez,A
Inigo Royo,B
David Knudsen,A
Chaz Williams,A
Luka Rupnik,A
Shakir Smith,A
Remu Raitanen,B
Kevin Ricki Larsen,B
Jaume Lobo Martorell,A
Mirza Bulic,B
Vaidas Cepukaitis,B
Thomas Schreiner,A
Maj Kovacevic,A
Alexander Jacob Thompson,A
Khadim Sy,B
Karamo Jawara,A
Micah Speight,A
Moussa Kone,B
Marin Maric,B
Chuso Gonzalez,A
Victor Moreno Martin,A
Julen Olaizola,B
Joan Faner Fahner Catala,A
Xavier Rey Sanuy,B
Michael Kaz Carlson,A
Francisco Del Aguila,A
Augustas Peciukevicius,A
Goncalo Delgado,B
Juan Rubio,A
Adria Domenech,A
Victor Ruiz,A
Marc Penarroya,A
Christopher Czerapowicz,A
Marvin Ogunsipe,B
Nigel Pruitt,A
Jalen Nesbitt,A
Oliver Arteaga,B
Romeo Crouch,A
Sergi Huguet Carrasco,A
Fahrudin Manjgafic,B
Rafa Freire Luz,A
Toledo Zamora Carlos,A
Thorir Thorbjarnarson,A
Dagoberto Pena,A
Pablo Sanchez Sanchez Infantes,A
Josep Fermi Cera,A
Lonlonvi Ezekiel Soumbey Alley,A
Fabio Santana,A
Lysander Bracey,A
Jonathan Shilala Kasibabu,B
Javier Lopez Santana,A
Alejandro Marin Ortega,A
Hansel Giovanny Atencia Suarez,A
Demetrio,B
Hector Alderete Diaz,A
John Harrar,B
Chandler Jacobs,A
Lazar Mutic,A
Rafael Villar Cornago,A
Mikel Motos,A
Joel Sabate,A
Obi Enechionyia,B
Clevon Brown,B
Diego De Blas Morcillo,A
Kevin Buckingham,A
Marc Marti,A
Jorge Mejias Sanchez,A
Robert Michael Harris II,A
Stojan Gjuroski,A
Edu Duran,A
Angel Comendador Femenias,A
Tobias Borg,A
Seydou Aboubacar Hima,B
Herve Kabasele Kasonga,B
P. Rodrigo Fernandez De Heredia,A
Amadou Sidibe,B
Kenny Hasbrouck,A
Shaun Willett,A
Carlos Suarez,B
Dylan Lucien Van Eyck,A
Barra Njie,A
Craig Lecesne,A
Rolandas Jakstas,A
Calvin Hermanson,A
Ruben Lopez,A
Curtis Lee Davis III,A
Kaspars Vecvagars,A
Marko Bakovic,A
Kostas Vasileiadis,A
Petar Aranitovic,A
Darko Balaban,B
Jhornan Jose Zamora Mota,A
Ousman-Semega Krubally,A
Michalis Tsairelis,B
Zois Karampelas,A
Jerai Grant,B
Okaro White,A
Leonidas Kaselakis,A
Giannoulis Larentzakis,A
Tyler Dorsey,A
Howard Sant-Roos,A
Jalen Andreas Hudson,A
Georgios Papagiannis,B
Daryl Macon,A
Thomas Walkup,A
Hassan Martin,B
Lefteris Bochoridis,A
Epameinondas Savvas Papantoniou,A
Theodoros Zaras,A
Konstantinos Sloukas,A
Aleksandar Vezenkov,A
Giorgos Printezis,A
Giannis Agravanis,A
Kostas Papanikolaou,A
Dimitrios Agravanis,B
Jeremy Evans,B
Stefan Moody,A
Livio Jean-Charles,A
Shaquielle McKissic,A
Moustapha Fall,B
Michail Lountzis,A
Nemanja Nedovic,A
Stefan Pot,A
Stefan Momirov,A
Anthony Cowan Jr.,A
Ioannis Kouzeloglou,A
Eric Lockett,A
Evangelos Vangelis Margaritis,B
Nikos Chougkaz,A
Ioannis Papapetrou,A
Kenny Williams,A
Dario Hunt,B
Marin Maric,B
Diamantis Slaftsakis,B
Shakur Asiatic Juiston,B
Omer Netzip Oglou,A
Nikos Diplaros,A
Thomas Kottas,B
Xeyrius Clifton Williams,A
Giorgos Tsalmpouris,B
Stylianos Poulianitis,A
De'jon Davis,B
Giorgos Tanoulis,B
Giorgos Giouzelis,B
Jordan Floyd,A
Konstantinos Papadakis,A
Kim Tillie,B
Mihajlo Andric,A
Nikos Gkikas,A
Kendrick Ray,A
Abdul Gaddy,A
Devonte Green,A
Shonn Miller,A
Mustafa Muhaymin,A
Iosif Koloveros,A
Nikolaos Arsenopoulos,A
Giannis Athinaiou,A
Brandon Garrett,B
Vassilis Xanthopoulos,A
Dimitrios Stamatis,A
Gkay Gaios Skordilis,B
Nikolaos Rogkavopoulos,A
Giorgos Fillios,A
Andy Rautins,A
Konstantinos Gontikas,B
Glenn Cosey,A
Vassilis Christidis,B
James Kelly,B
Marek Dolezaj,A
Elijah Mitrou-Long,A
Cleveland Joseph Thomas,A
Eugene German,A
Rashad Vaughn,A
Phil Greene IV,A
Mike Henry,A
Toney Douglas,A
Jamar Abrams,A
Marcus Foster,A
Daniel Hamilton,B
Nicolas Laprovittola,A
Rokas Jokubaitis,A
Dzanan Musa,A
Tomas Satoransky,A
Ante Tomic,B
Joel Parra Lopez,A
Kyle Guy,A
Andres Feliz Sarita,A
Jan Vesely,B
Guillem Vives,A
Sergio Rodriguez,A
Simon Birgander,B
Nikola Kalinic,A
Fabien Causeur,A
Mario Hezonja,A
Sertac Sanli,B
Edy Tavares,B
Guerschon Yabusele,A
Miquel Salvo,A
Nico Brussino,A
Jonah Radebaugh,A
Aleksander Balcerowski,B
A.J. Slaughter,A
Khalifa Diop,B
Andrew Albicy,A
Josep Puerto,A
Christopher Jones,A
Alejandro Abrines Redondo,A
James Nnaji,B
Henry Ellenson,B
Sergio Llull,A
Darius Thompson,A
Joaquin Quino Colom,A
Philip Scrubb,A
Kyle Kuric,A
Dairis Bertans,A
Santiago Yusta,A
Alex Gregory Renfroe,A
Maik Kotsar,B
Thomas Bropleh,A
Ruben Guerrero,B
Eric Vila,A
Christian Eyenga,A
Howard Sant-Roos,A
Marek Blazevic,B
Lasannah V Kromah,A
Christian Diaz Rodriguez,A
Dusan Miletic,B
Justus Hollatz,A
Borisa Simanic,A
Maximo Fjellerup,A
Tryggvi Hlinason,B
Aleksandar Cvetkovic,A
Pere Tomas Noguera,A
Fernando Zurbriggen,A
Thomas Scrubb,A
Edgar Vicedo,A
Rokas Giedraitis,A
Alex Suarez,A
Damien Inglis,A
Matthew Costello,B
Shannon Evans,A
Roko Prkacin,A
Kameron Milton Allante Taylor,A
Victor Claver,A
Nikola Mirotic,A
Bojan Dubljevic,B
Vincent Yann Poirier,B
Lluis Costa,A
Pol Figueras Lopes,A
Josep Busquets,A
Markus Howard,A
Jaime Pradilla,A
Jeremiah Hill,A
Dani Diez,A
Mamadou Ndieye Niang,B
Ferran Bassas,A
John Shurna,A
Kyle Alexander,B
BJ Johnson,A
Yannick Kraag,A
Nigel Williams-Goss,A
Vanja Marinkovic,A
Petr Cornelie,A
Marc Gasol,A
Arturs Kurucs,A
Prince Ali,A
Marcel Ponitka,A
Jacobo Diaz Alejano,A
Vitor Benite,A
Alvaro Munoz,A
Leo Westermann,A
Jaume Sorolla,B
Volodymyr Gerun,B
Adam Hanga,A
Patricio Garino,A
Oriol Pauli,A
Sander Raieste,A
Viny Okouo,B
Victor Arteaga,B
Christian Mekowulu,B
Justinian Jessup,A
Oscar Leon Da Silva,A
Pablo Almazan Sierra,A
Juan Francisco Fernandez,B
Chris Wright,A
Marc Garcia,A
James Webb,A
Michael Caicedo Sanchez,A
Alberto Abalde,A
Xabier Lopez-Arostegui,A
Jovan Novak,A
Steven Enoch,B
Jasiel Rivero Fernandez,B
Luke Maye,A
Tadas Sedekerskis,A
Klemen Prepelic,A
Daulton Hommes,A
Gabriel Deck,A
David Walker,A
Mike Tobey,B
Amar Sylla,B
Aday Mara Gomez,B
Pau Ribas,A
Stefan Jovic,A
Pepe Pozas,A
Rudy Fernandez,A
Eulis Baez,A
Malique Lewis,A
Youssoupha Ndoye,B
Clevin Hannah,A
Jared Harper,B
Max Heidegger,A
Cory Higgins,A
Dino Radoncic,A
Jean Claudio Montero,A
Jeremy Senglin,A
Ken Horton,B
Cristiano Felicio,B
Dragan Bender,B
Pierria Henry,A
Billy Yakuba Ouattara,A
Ibrahima Fall Faye,B
Christopher Jones,A
Youssoupha Fall,B
James Gist,B
Giovan Oniangue,A
Paul Lacombe,A
Jeremy Leloup,A
Hamady Ndiaye,B
Brandon Jefferson,A
William Howard,A
Justin Bibbins,A
Elie Okobo,A
Boris Dallo,A
Vitalis Chikoko,B
Matthew Strazel,A
Donatas Motiejunas,B
Gregor Hrovat,A
Alpha Diallo,A
Dominic Artis,A
Darrin Anthony Govens,A
Yoan Makoundou,B
Gerald Ayayi,A
Lahaou Konate,A
Demonte Harper,A
Will Cummings,A
Hugo Invernizzi,A
Steeve Ho You Fat,B
Horace Spencer,B
Jean-Philippe Dally,A
Mathieu Wojciechowski,A
Malela Mutuale,A
Junior Mbida,B
Louis Cassier,A
Axel Philippe Jean Julien,A
Leo Westermann,A
Chris Warren,A
Vince Hunter,B
Ryan Boatright,A
Benoit Mangin,A
Vafessa Moise Fofana,A
Romuald Morency,A
Bodian Massa,B
Peter,A
Dylan Osetkowsky,A
Rasheed Sulaimon,A
Renathan Ona Embo,A
Jakeenan Gant,A
Kyle Allman,A
Loren Jackson,A
Timothe Joseph Christian Crusol,A
Dustin Sleva,B
CJ Massinburg,A
Ismael Kamagate,B
Ronald March,A
Alexandre Pierre Louis Chassang,B
Edouard Choquet,A
Gani Oladimeji Lawal,B
Miralem Halilovic,B
Paris Lee,A
Jerry Boutsiele,B
Johan Passave-Ducteil,B
Clement Cavallo,A
Devin Davis,B
Keith Hornsby,A
Abdoulaye Saadi N'Doye,A
Gauthier Denis,A
Bastien Pinault,A
Jacorey Williams,B
Luke Fischer,B
Jeremy Senglin,A
Hugo Robineau,A
Neal Sako,B
Nicolas Lang,A
Benjamin Sene,A
Johnny Berhanemeskel,A
Kruize Pinkins,B
Charles-Noe Abouo,A
Grismay Paumier,B
Tyler Stone,B
Lasannah V Kromah,A
Dominik Olejniczak,B
Mouphtaou Yarou,B
Maxime Roos,A
Juvonte Reddic,B
Enzo Goudou-Sinha,A
Pierre Pelos,B
Jean-Michel Mipoka,A
Kenneth Kadji,B
Thomas Wimbush,A
Rudy Demahis Ballou,A
Hugo Benitez,A
Will Thomas,A
Nick Johnson,A
Jessie Begarin,A
Dominique Archie,B
Tomer Ginat,A
Donte Lamont Grantham,A
Bruno Cingala-Mata,B
Mike James,A
David Lighty,A
Jamar Diggs,A
Marcos Knight,A
Maxime Courby,A
Femi Olujobi,B
Juhann Mathieu Begarin,A
Nathan De Sousa,A
Charles Lombahe Kahudi,A
Dwayne Bacon,A
Chris Horton,B
Boubacar Toure,B
Marcus Paige,A
D.J. Hogg,B
Bandja Sy,A
Kostas Antetokounmpo,B
Louis Marnette,A
Kennedy Meeks,B
Adam Mokoka,A
Lamonte Ulmer,A
Jeremy Nzeulie,A
Nianta Diarra,B
John Jenkins,A
Allan Dokossi,A
Assane Ndoye,A
Landing Sane,B
Danilo Andjusic,A
CJ Harris,A
Youssoupha Ndoye,B
Darius Johnson-Odom,A
Donta Hall,B
Nadir Hifi,A
Nobel Boungou Colo,A
Jean Salumu,A
Lucas Dussoulier,B
T.J. Campbell,A
Milan Barbitch,A
Brock Motum,A
David Michineau,A
Brandon Taylor,A
Antoine Diot,A
Jalen Jones,A
Victor Wembanyama,B
Jordan McRae,A
Kyle O'Quinn,B
Sadio Doucoure,A
Kyvon Davenport,B
O.D. Anosike,B
Marcquise Reed,A
Kaza Kajami-Keane,A
Dustin Ware,A
Mehdy Ngouama,A
Scottie Reynolds,A
Myke Henry,A
Rob Gray Jr.,A
Michael Stockton,A
Luke Nelson,A
D.J. Stephens,A
Kevin McClain,A
Zachery Peacock,A
Axel Toupane,A
Brynton Lemar,A
David Lighty,A
Abdoulaye Saadi N'Doye,A
Lahaou Konate,A
Malela Mutuale,A
Giovan Oniangue,A
Maxime Courby,A
Pierre Pelos,B
Anthony Brown,A
Bastien Pinault,A
Williams Narace,A
David Michineau,A
Dee Bost,A
Brian Conklin,B
Marcos Knight,A
Thomas Scrubb,A
Alpha Kaba,B
Chris Warren,A
Paris Lee,A
Johan Passave-Ducteil,B
Isaia Cordinier,A
Valentin Bigote,A
Romuald Morency,A
Luka Asceric,A
Damien Bouquet,A
Clement Cavallo,A
Damien Inglis,B
J. J. O'Brien,A
Steeve Ho You Fat,B
Lucas Thierry Fernand Bourhis,A
Mehdy Ngouama,A
Matthieu Gauzin,A
Matthew Strazel,A
Hugo Benitez,A
Assane Ndoye,B
Jeremy Leloup,A
Amine Noua,A
Petr Cornelie,B
Myles Hesson,A
Benjamin Sene,A
Johnny Berhanemeskel,A
Benoit Mangin,A
Charles-Noe Abouo,A
Dominique Archie,A
Thomas Ville,A
Rob Gray Jr.,A
Ismael Bako,B
Terry Tarpey,A
Gerald Ayayi,A
Paul Lacombe,A
Mickael Gelabale,A
Landing Sane,B
Rafael Yitshak Menco,A
Georgi Joseph,B
Garrett Sim,A
Vitto Brown,B
Luke Fischer,B
Sylvain Francisco,A
Digue Diawara,A
Antoine Diot,A
Mouphtaou Yarou,B
Boris Dallo,A
Junior Mbida,B
Antoine Eito,A
Maxime Roos,A
Vitalis Chikoko,B
Danilo Andjusic,A
Moustapha Fall,B
Mathias Lessort,B
Alen Omic,B
Chima Moneke,A
MiKyle McIntosh,A
Nikola Rebic,A
Paul Rigot,A
Kevarrius Hayes,B
Jonathan Flowers,A
Jimmie Taylor,B
Mathieu Wojciechowski,A
Aaron Best,A
Hamady Ndiaye,B
Pape Sy,A
Sean Armand,A
Archie Goodwin,A
Vincent Sanford,A
Travis Leslie,A
Rudy Demahis Ballou,A
Remy Lesca,A
Gary Florimont,B
Michael Umeh,A
Jeremy Nzeulie,A
Zachery Peacock,A
Neal Sako,B
Ekenechukwu Ibekwe,B
Charles Lombahe Kahudi,A
Scott Bamforth,A
Branden Frazier,A
Gavin Ware,B
Norris Cole,A
Jamel Artis,A
Marcquise Reed,A
Ivan Fevrier,A
Khalid Boukichou,B
Cameron Wells,A
Ibrahima Fall Faye,B
Kenny Baptiste,A
Brandon Brown,A
Martins Meiers,B
Cyrille Eliezer-Vanerot,A
Wilfried Yeguete,B
Teyvon Myers,A
Jordon Crawford,A
Dominic Waters,A
Gani Oladimeji Lawal,B
Joshiko Jorg Saibou,A
Josh Owens,A
Juvonte Reddic,B
CJ Williams,A
Corey Davis Jr.,A
Boubacar Toure,B
Lamonte Ulmer,A
Aleksej Nikolic,A
Guerschon Yabusele,A
Itay Segev,B
Tomer Ginat,B
Kaza Kajami-Keane,A
Jessie Begarin,A
Kevin Harley,A
Justin Bibbins,A
William Howard,A
Briante Weber,A
Ovie Paul Soko,B
Bruno Caboclo,B
Tyler Stone,B
Ronald March,A
Zack Wright,A
Owen Klassen,B
Tahjere McCall,A
Victor Wembanyama,B
Maciej Boleslaw Lampe,B
Egidijus Mockevicius,B
JR Jay Lawrence Threatt,A
Jamel Morris,A
Hugo Mienandi,A
Ousmane Drame,B
Darius Johnson-Odom,A
Codi Miller-McIntyre,A
Justin Wright-Foreman,A
Kristopher Richard,A
Gerald Robinson,A
Mareks Mejeris,A
Or Cornelius,A
Levi Randolph,A
Speedy Smith,A
Khadeen Carrington,A
Zach Hankins,B
Muhammed Baygul,A
Siim-Sander Vene,A
Margiris Normantas,A
Elvar Mar Fridriksson,A
Benedek Varadi,A
Martynas Echodas,B
Yigit Arslan,A
Gytis Masiulis,A
Marcus Foster,A
Gytis Radzevicius,A
Jerry Boutsiele,B
Wayne McCullough,A
Hayden Dalton,B
Akwasi Yeboah,A
Jamar Smith,A
Gabriel Olaseni,A
Joe Ragland,A
Anthony Markel Starks II,A
Chris Johnson,A
Niv Misgav,A
Huseyin Goksenin Koksal,A
Dogus Ozdemiroglu,A
Dylan Jonathan Howell Ennis McIntrye,A
Marvin Jones,B
Sadik Emir Kabaca,B
Angelo Caloiaro,A
Ivan Almeida,A
Aaron Broussard,A
Terrell Carter II,B
Toney Douglas,A
Ercan Osmani,B
Berk Ugurlu,A
Suleiman Braimoh,A
Langston Hall,A
Breein Tyree,A
Tre'Shawn Thurman,B
Keye van der Vuurst de Vries,A
Mindaugas Kuzminskas,A
Eric McCollum,A
Ryan Evans,A
Bryant Dejuan Crawford,A
Rob Gray Jr.,A
Vitto Brown,A
C.J. Harris,A
Tony Carr,A
Juan Ignacio Marcos,A
Didac Cuevas Simarro,A
Junior Saintel,A
Xabier Beraza Pozo,A
David Font Rodriguez,A
Pau Tendero Tendero Salom,A
Jaume Sorolla,B
Quentin Goulmy,A
Alberto Corbacho de la Cruz,A
Victor Moreno Martin,A
Urko Otegui Esnaola,B
Drew Guerbert,A
Adrian Mendez Carrion,A
Menno Dijkstra,B
Bruno Diatta,B
Javier Hernandez,A
Julio De Assis,A
Jorge Jimenez Martin,A
Ruben Lopez,A
Alberto Moreno Trujillo,A
Jean Montero Berroa,A
Tim Schneider,A
Yorman Polas Bartolo,A
Leon Radosevic,B
Troy Caupain,A
Jordan Hulls,A
Andreas Obst,A
Jaleen Smith,A
Lucas Herzog,A
Isaiah Wilkins,B
Patrick Heckmann,A
Simone Fontecchio,A
Jonas Wohlfarth-Bottermann,B
Aric Holman,A
Tremmell Darden,A
Dylan Osetkowsky,B
Marcus Eriksson,A
Ricky Paulding,A
Philipp Schwethelm,A
Fabian Bleck,A
Braydon Hobbs,A
Karsten Tadda,A
Demitrius Conger,A
Jeremy Jones,A
Jalen Reynolds,B
Ben Lammers,B
Trae Bell-Haynes,A
Sebastian Herrera,A
Malte Delow,A
Paul Zipser,A
Martin Breunig,B
Maurice Stuckey,A
Maodo Lo,A
Terry Allen,A
JaJuan Johnson,B
Keith Hornsby,A
Phil Pressey,A
Maximilian DiLeo,A
Zac Cuthbertson,A
TJ Shorts,A
Robin Amaize,A
Johannes Thiemann,B
Maik Kotsar,B
Jonas Mattisseck,A
Justus Hollatz,A
Jordan Swing,A
Per Gunther,A
Jayson Granger,A
Martin Peterka,A
Osvaldas Olisevicius,A
Quantez Robertson,A
Luke Sikma,A
Bogdan Radosavljevic,B
Karim Jallow,A
Andreas Seiferth,B
Anthony DiLeo,A
Niels Giffey,A
David Walker,A
Robin Manuel Christen,A
Kamari Murphy,B
Dererk Pardon,B
Gavin Schilling,B
James Thompson,B
Tai Odiase,B
Kyndahl Hill,B
Jonas Richter,B
Sergio Thomas Kerusch,A
Cameron Hunt,A
Jannes Hundt,A
Marko Krstanovic,A
Jon Axel Gudmundsson,A
James Arthur Robinson III,A
Alen Pjanic,A
Wade Baldwin IV,A
Nelson Weidemann,A
Marcus Thornton,A
Barry Brown Jr.,A
Desi Rodriguez,B
Aubrey Dawkins,A
Quinton Hooker,A
Jonathan Stark,A
Philipp Hartwich,B
Luc Van Slooten,A
Rasheed Moore,B
Isiaha Mike,B
Tyson Ward,A
Matthew Tiby,B
Scottie James,B
Stefan Peno,A
Chris Weiler-Babb,A
Dennis Kramer,B
Alex King,A
Gairai Zeeb,A
Florian Koch,B
Strahinja Micovic,A
Philip Jalalpoor,A
Joshua Obiesie,A
Jacob Patrick,A
Zan Mark Sisko,A
Leon Kratzer,B
Harper Kamp,A
Bastian Doreth,A
Lukas Wank,A
Frank Bartley IV,A
Xavier Pollard,A
Sasha Mattias Grant,A
Will Vorhees,B
Jamuni McNeace,B
Marco Voller,B
Mathis Monninghoff,A
Felix Hoffmann,A
Thomas Klepeisz,A
Julian Albus,A
Brandon Thomas,A
George King,A
Michal Michalak,A
Luke Nelson,A
Joshua Adam Young,A
Terrell Harris,A
Bjarne Kraushaar,A
Ferdinand Zylka,A
Akeem Vargas,A
Marvin Ogunsipe,B
John Petrucelli,A
Tim Heiner Hasbargen,A
Jordan Barnett,A
Peyton Siva,A
Louis Olinde,A
Marvin Omuvwie,A
Hamilton,A
Nathan Boothe,B
Dominique Kevin Johnson,A
Kameron Milton Allante Taylor,A
Virgil Micheaux Matthews,A
Matt Mobley,A
Malte Ziegenhagen,A
Brandon Kyle Bowman,B
Bryce Taylor,A
Jan-Niklas Wimberg,A
Joe Rahon,A
Benedikt Turudic,B
Michael Kessens,B
Vladimir Lucic,A
Diego Flaccadori,A
Jonah Radebaugh,A
Nils Hassfurther,A
James Gist,B
Jamel McLean,B
Johannes Richter,B
Haywood Highsmith,A
John Bryant,B
Roko Rogic,A
Nick Weiler-Babb,A
Lazeric Jones,A
Jonas Weitzel,B
Cameron Clark,A
Nimrod Hilliard,A
Dennis Clifford,B
Perry Jones III,B
Isaiah Philmore,A
Aleksandar Marelja,B
Oscar Leon Da Silva,B
David Brembly,A
Bruno Vrcic,A
Shavon Coleman,A
Deividas Gailius,A
Benjamin Lischka,B
Brekkott Chapman,B
Philipp Herkenhoff,A
Lukas Meisner,A
Deron Washington,A
Joseph Lawson III,B
Tim Coleman,A
Jalen Hudson,A
Jean Salumu,A
Murphy Holloway,B
Bryon Allen,A
Jacob Round,A
Ismael Tamba,B
Erikas Kalinicenko,A
Pierre Waly Sene,A
Jeffrey Solarin,B
Thomas Smallwood,B
Diego Alderete Diaz,A
Pablo Gonzalez,A
Alex Tamayo,A
Alberto Redondo Alvarez De Sotomayor,B
Alejandro Rivas Palmer,A
Juan Hierrezuelo,B
Joel Ndondo Kangonzi,B
Filip Siewruk,A
Makhtar Gueye,A
Pol Bassas Navarra,A
Sergio De Larrea,A
Alvaro Miguel Sanz Barrio,A
Diamond Onwuka,A
Vincent Gielen,B
Shane McDonald,A
Javier Hernandez,A
Titas Janusevicius,A
Gerardo Perez,A
Ismael Corraliza,A
Quim Salvans Hidalgo,A
Adrian Perdiguero,A
Guillem Sabates Sala,A
Pape Bocar Sall,B
Gregorio Jesus Adon Encarnacion,A
Maxim Esteban Calvo,A
Candido Sa,B
Bakary Konate,B
Javier Menendez-Garcia,A
Jorge Jimenez Martin,A
Raul Timoner,A
Zachary John Tavitian,A
Luka Kovacevic,B
Guillem Vazquez Vallejo,A
Hector Jimenez Redondo,A
De'Shaun Cooper,A
Ignacio Ballespin,A
Gracine Bakumanya,B
Jhery Raul Matos Ramirez,A
Alejandro Zurbriggen,A
Volodymyr Orlov,B
Marcale Lotts,B
Radshad Davis,A
Gerard Rodriguez,A
Eduard Arques Lopez,B
Pablo Perez Fernandez,A
David Knudsen,A
Jorge Mejias Sanchez,A
Laron De'Same Smith,B
Jose Jimenez,A
Oliver Bieshaar,B
Gerard Blat,A
Alejandro Ortega,A
Isaac Mayo Schwandt,A
Anej Orel,A
Diego Rivas Palmer,A
Jaume Zanca I Pascual,A
Jon Ander Aramburu Lamy,A
Alejandro Harguindey Maneiro,A
Tautvydas Julius Slezas,B
Marc Sese Frasnedo,A
Yeikson Jose Montero,A
Pau Carreno,A
Logan Schilder,B
Lucas Antunez Sacristan,A
Jon Galarza,A
Javier Nicolau,A
Will Moreton,A
Alberto Moreno Trujillo,A
Toms Skuja,A
Miguel Martinez Hernandez,A
Matija Bilalovic,A
Javier Dalmau Roig,A
Antoni Figuerola Calvo,A
Javier Rodriguez Marin,A
Javier Marin Ortega,A
Samuel Rodriguez Ramos,A
Andre Mark Anthony Berry,B
Martyce Kimbrough,A
Raimon Sagrista,A
Guillermo Ruiz Merino,A
Victor Aguiler Hernandez,A
Juan Santana,B
Carles Marzo,A
Shaquillo Fritz,B
Johan Ernest Bitjaa Kody,B
Victor Ruiz,A
Sebastian Bacale Mbansogo Obiang,A
John Carroll,B
Ignasi Belver,B
Alfonso David Ortiz Mendieta,A
Sergio Hernandez Benaches,A
Angel Comendador Femenias,A
Marc Pages Sauque,A
Joaquin Federico Giarraffa,A
Daniel De La Rua De Augustin,A
Jordi Grimau,A
Aleix Haro Val,A
Daniel Astilleros De La Fuente,A
Sidney Benjamin Correia,B
Mario Alvarez Puertas,A
Adria Hernandez,A
Adrian Galvez Orts,A
Luis Verdeguer Ferrer,B
Gabriel Gil Garcia,A
Borja Mendia Sangroniz,A
Devin Noel Wright Rodriguez,B
Lazar Mutic,A
Joseph Robert Cremo,A
Reggie Agbeko,B
Aleksandre Phevadze,A
Adrian Fidalgo,A
Gilad Levy,B
Lucas Munoz,A
Mikel Sainz de la Maza,A
Taylor John Cameron,A
Alberto Cabrera Garrancho,A
Guilermo Mulero Maldonado,A
Bogdan Nedeljkovic,A
Morten Bulow,B
Oier Ardanza Bernaola,A
Kevin Navarro Arrue,A
Jorge Martinez Cabezudo,A
Iker Salazar Ortega,A
Jose Ignacio Nogues,A
Ferran Ventura Pedreno,A
Darius Carter,B
Alejandro Daniel Bortolussi Saluzzo,A
Luis Ferrando Ortells,A
Diego Gallardo,A
Didac Cuevas Simarro,A
Carlos Poyatos Parra,A
Coreontae Lamar De Berry,B
Luis Garcia Munoz,A
Damian Prgomet,A
Jeffrey Godspower,B
Pablo Cordoba Muro,A
Alejandro Jorda,A
David Orrit,A
Jorge Parra Baez,A
Emil Savic,A
Gregory Robert Gantt,A
Francisco Del Aguila,A
Micaiah Elisha Henry,B
Erik Persson,A
Dyon Halman,B
Rafael Garcia,A
Pa Mor Diene,B
Daniel Manchon,A
Kevin van Wijk,A
Rodrigo Gomez,B
Ruben Lopez,A
Adam Fravert,B
Danny Evans,A
Miguel de Pablo del Castillo,A
Martin Fernandez Carballo,A
Jermaine Marrow,A
Gerard Jofresa Sarret,A
Alberto Ruiz De Galarreta Fernandez,A
Willy Nunez Matos,A
Bernardo Garcia Alvarez,A
Brano Djukanovic,A
Unai Mendicote,A
Issa Thiam,A
Javier Lucas Blasco,B
Diogo Emanuel de Sousa Anjo Brito,A
Anthony Libroia,A
Luka Majstorovic,B
Quarry Greenaway,A
Miguel Ortega,A
Bertrand Awana,B
Adria Duch Beltran,A
Antonio Burgos Caballero,A
Stephen Ugochukwu,B
Demian Balasko,A
Javier Balastegui Martinez,A
Alejandro Marin Ortega,A
Mirza Bulic,B
Agusti Sans,A
Tate Jeffrey Hoffman,B
Juan Pedro Jimenez,A
Mojeed Ewuosho,A
Andreas Obst,A
Oscar Leon Da Silva,B
Jonas Mattisseck,A
Jason George,A
Karsten Tadda,A
DeShaun Thomas,A
Tamir Blatt,A
Jaleen Smith,A
Leon Kratzer,B
Maodo Lo,A
Nick Weiler-Babb,A
Michael Kessens,B
Skyler Bowlin,A
Louis Olinde,A
Yovel Zoosman,A
Thomas Klepeisz,A
Semaj Christon,A
Parker Jackson-Cartwright,A
Jaron Blossomgame,B
Gavin Schilling,B
Maximilian DiLeo,A
Jonas Richter,B
Malte Ziegenhagen,A
Mindaugas Susinskas,A
Luke Sikma,B
Frantz Massenat,A
Johannes Thiemann,B
Robin Manuel Christen,A
Ognjen Jaramaz,A
Lukas Meisner,A
Caleb Homesley,A
Seth Hinrichs,A
Eddy Edigin Jr,B
Per Gunther,A
Fedor Zugic,A
Zan Mark Sisko,A
John Bryant,B
Akeem Vargas,A
Maximilian Ugrai,B
Maik Kotsar,B
Jeff Roberson,A
Desi Rodriguez,B
Jaren Michael Lewis,A
Philipp Hartwich,B
Jamel Morris,A
Rasheed Moore,B
Isiaha Mike,A
Filip Stanic,B
Christ Koumadje,B
Malte Delow,A
Martin Peterka,A
Augustine Rubit,B
Lukas Wank,A
Jeremy Morgan,A
Phil Fayne,B
Shyron Ely,A
Brekkott Chapman,B
Sacar Anim,A
Jaylon Brown,A
Ondrej Sehnal,A
Jordan Geist,A
Cameron Hunt,A
Nicholas Tischler,A
Justus Hollatz,A
Stephen Brown Jr.,A
Nikola Rebic,A
Nihad Djedovic,A
Vladimir Lucic,A
Mathis Monninghoff,A
Florian Koch,A
Darion Atkins,B
Terry Allen,A
Anunwa Omot,A
Owen Klassen,B
Craig Moller,A
Niklas Wurzner,A
Sergio Thomas Kerusch,A
Terrell Harris,A
Tyson Ward,A
Fabian Bleck,B
Goran Huskic,B
Martynas Sajus,B
Behnam Yakhchalidehkordi,A
Richmond Aririguzoh,B
Benedikt Turudic,B
Brandon Tischler,A
Saulius Kulvietis,B
Robert Lowery,A
David Kramer,A
Karim Jallow,A
Harper Kamp,B
Nelson Weidemann,A
Radii Caisin,A
Len Schoormann,A
Justin Gorham,A
Quantez Robertson,A
Leon Radosevic,B
Philipp Herkenhoff,B
Maurice Stuckey,A
Sindarius Thornwell,A
JaVontae Hawkins,A
Luc Van Slooten,A
Kendale McCullum,A
Kevin Wohlrath,A
Julian Albus,A
Elias Lasisi,A
Leon Christopher Friederici,A
Ben Lammers,B
Matt Haarms,B
Bjarne Kraushaar,A
Maximilian Begue,A
Trent Lockett,A
Bogdan Radosavljevic,B
Bastian Doreth,A
Kelvin Martin,A
Felix Hoffmann,A
William Buford,A
Nicolas Bretzel,B
Dennis Nawrocki,A
Jan-Niklas Wimberg,B
Jake Toolson,A
Kay Bruhnke,B
Lorenz Brenneke,B
Kostja Mushidi,A
Marcus Thornton,A
Tookie Brown,A
Haris Hujic,A
Kamar Baldwin,A
Othello Hunter,B
Tomas Kyzlink,A
Alex King,B
Kyan Anderson,A
Zach Brown,A
Kilian Binapfl,A
Philip Jalalpoor,A
Jalon Demarco Miller,B
Janari Joesaar,A
Eric Washington,A
Cameron Wells,A
TJ Shorts,A
Cristiano Felicio,B
Reggie Upshaw,B
Parodi,A
Martins Laksa,A
Chris Coffey,B
Jon Axel Gudmundsson,A
Aigars Skele,A
Tim Schneider,B
Torrian Corey Walden,A
Shannon Scott,A
Andreas Seiferth,B
Charles Callison,A
Nate Grimes,B
Johannes Richter,B
Robin Amaize,A
Arturs Zagars,A
Darrun Hilliard,A
Albert Jay English,A
T.J. Williams,A
Brayon Blake,A
Mike Caffey,A
Jeremiah Martin,A
Emir Sulejmanovic,B
Giorgi Shermadini,B
Tyler Cavanaugh,A
Francisco Guerra,B
Bruno Fitipaldo,A
Marcelinho Huertas,A
Sasu Salin,A
Sergio Rodriguez Febles,A
Aaron Doornekamp,A
Dejan Kravic,B
Vitor Benite,A
Omar-Sharif Cook,A
Miquel Salvo,A
Thaddeus McFadden,A
Tryggvi Hlinason,B
Jonathan Barreiro,A
Robin Clemens Benzing,A
Ken Horton,A
Nico Brussino,A
Dylan Jonathan Howell Ennis McIntrye,A
Jaylon Brown,A
Alex Gregory Renfroe,A
Jordan Sakho,B
Jasiel Rivero Fernandez,B
Alex Reyes,A
Xavi Rabaseda,A
Arnoldas Kulboka,B
Felipe Dos Anjos,B
Jaroslaw Zyskowski,A
Rasheed Sulaimon,A
Khalifa Diop,B
Jonathan Rousselle,A
Ludvig Hakanson,A
Ondrej Balvin,B
Sergi Martinez Costa,A
Javier Garcia,A
Rodrigo Miguel,A
Alexander Tyus,B
Regimantas Miniotas,B
Jacob Wiley,B
Goran Huskic,B
Maksim Salash,A
John Jenkins,A
Alex Lopez,A
Quentin Serron,A
Artsiom Parakhouski,B
Santiago Yusta,A
Alex Barrera,A
Elias Harris,B
Spencer Darren Butterfield,A
Jason Thompson,B
James Webb,A
Sean Kilpatrick,A
Obi Enechionyia,B
Josh Sharma,B
Thomas David Heurtel,A
Malcolm Thomas,B
Daniel Garcia,A
DJ Seeley,A
Shevon Thompson,B
T.J. Bray,A
Saulius Kulvietis,A
Moses Kingsley,B
Aaron Jones,B
Giannis Athinaiou,A
Ryan Harrow,A
Brancou Badio,A
Sagaba Konate,B
Javi Lopez Santana,A
Martins Laksa,A
Christ Koumadje,B
Ibou Dianko Badji,B
Josep Busquets,A
Njegos Sikiras,B
Marcis Steinbergs,B
Alexis Bartolome Frases,A
Melwin Jan Pantzar,A
Michael Caicedo Sanchez,A
Bodian Massa,B
Gregor Hrovat,A
Markis McDuffie,B
Robin Ducote,A
Paul Lacombe,A
Jacques Alingue,B
Wilfried Yeguete,B
DeAndre Lansdowne,A
Nicolas Lang,A
Mathieu Wojciechowski,A
David Holston,A
David Brembly,A
Jonathan Rousselle,A
Marcus Keene,A
Leopold Cavaliere,A
Abdulaye Loum,B
Gavin Ware,B
Lucas Ugolin,A
Jayvon Graves,A
Lucas Beaufort,A
Desi Rodriguez,A
Bryce Jones,A
Dee Bost,A
Rodions Kurucs,A
Ike Udanoh,B
Matt Mobley,A
JaVontae Hawkins,A
Jean-Baptiste Maille,A
Gavin Schilling,B
Tomas Kyzlink,A
Martin Peterka,A
Matt Mitchell,A
Chase Simon,A
Cameron McGriff,A
Luke Fischer,B
Roberto Gallinat,A
DJ Seeley,A
Darrin Anthony Govens,A
Bogdan Bliznyuk,A
Kenneth Kadji,B
Mehdy Ngouama,A
Dustin Sleva,A
Anzejs Pasecniks,B
Brynton Lemar,A
Ray McCallum,A
Tim Frazier,A
Anthony Polite,A
Marek Klassen,A
Wes Clark,A
Edwin Jackson,A
Sasu Salin,A
Aaron Doornekamp,A
Francisco Guerra,B
Bruno Fitipaldo,A
Marcelinho Huertas,A
Kyle Wiltjer,A
Yankuba Sima,B
Joan Sastre,A
Chima Moneke,B
Luke Maye,B
Joe Thomasson,A
Sergio Rodriguez Febles,A
Xavi Rabaseda,A
Elias Valtonen,A
Alberto Diaz,A
Rafa Martinez,A
Jonathan Barreiro,A
Dejan Kravic,B
Ruben Guerrero,B
Ismael Bako,B
Daniel Perez,A
Giorgi Shermadini,B
Landry Nnoko,B
Axel Bouteille,A
Francisco Alonso,A
Vitor Benite,A
Emir Sulejmanovic,B
Alex Gregory Renfroe,A
Tim Abromaitis,A
Dario Brizuela,A
Sylvain Francisco,A
Yannick Nzosa,B
Dani Diez,A
Maksim Salash,A
Julian Gamble,B
Jaime Fernandez Bernabe,A
Marcis Steinbergs,A
Juan Pablo Vaulet,A
Guillem Ferrando Porro,A
Daniel Garcia,A
Amine Noua,A
Aleksej Nikolic,A
Jordan Bone,A
Dejan Todorovic,A
Jarell Eddie,A
Marc Garcia,A
Millan Jimenez Garrido,A
David Walker,A
Matt Mooney,A
Zsombor Maronka,A
Carlos Suarez,A
Micheal Eric,B
Norris Cole,A
Danny Agbelese,B
Tyrus McGee,A
Cameron Oliver,B
Guillem Jou,A
Ramon Vila,B
Kenan Sipahi,A
Olivier Zacharie Hanlan,A
Suleiman Braimoh,A
Sean Kilpatrick,A
Khadeen Carrington,A
Stephen Zack,B
Javier Garcia,A
Janis Berzins,A
Christian Mekowulu,B
Jamel McLean,B
Alejandro Galan,B
Kevin Ricki Larsen,B
Toni Naspler Peraire,A
Ray McCallum,A
Gonzalo Bressan,B
Brancou Badio,A
Hayden Dalton,B
Sarper David Mutaf,A
Alejandro Urtasun,A
Miguel Serrano,A
Alejandro Bellver,A
Adrian Del Cerro,A
Kriss Helmanis,B
Yannick Kraag,A
Ibou Dianko Badji,B
Pablo Marin Fontan,A
Sidy Cissoko,A
Musa Sagnia,A
Rafael Vila Bonany,A
Miro Bilan,B
Marcus Denmon,A
Dimitris Moraitis,A
Yannick Franke,A
Aleksa Radanov,A
Sylvain Francisco,A
Jaylen Hands,A
Tyler Polley,A
Nate Renfro,B
Nikos Tsiakmas,A
Leonidas Kaselakis,A
Georgios Kamperidis,A
Evangelos Vangelis Margaritis,A
Dimitrios Kaklamanakis,B
Stylianos Poulianitis,A
Diamantis Slaftsakis,B
Christos Saloustros,A
Jalen Riley,A
Nikos Persidis,A
Kenny Williams,A
Konstantinos Papadakis,A
Dimitrios Agravanis,A
Vassilis Xanthopoulos,A
Akil Mitchell,B
Jordan Sibert,A
Alexander Madsen,A
RJ Cole,A
Vassilis Christidis,B
Dimitrios Flionis,A
Ian Hummer,B
Panagiotis Filippakos,B
Antonios Koniaris,A
Janis Strelnieks,A
Giorgos Giouzelis,A
Joe Thomasson,A
Vladimir Jankovic,A
Isaiah Miles,A
Shakur Asiatic Juiston,B
Jarrod West,A
Malik Osborne,A
Ioannis Kouzeloglou,B
Pierre Oriola,B
Javin DeLaurier,B
Ryan Taylor,A
James Batemon,A
Kur Kuath,B
Pol Figueras Lopes,A
Judicael Romaric Belemene Dzabatou,A
Kristian Kullamae,A
Kai Edwards,B
Jacobo Diaz Alejano,B
Milan Suskavcevic,B
Javier Marin Ortega,A
Michael Jarade Moore,A
Emil Stoilov,B
Gerel Simmons,A
Maverick Rowan,A
Elijah Brown,A
Txemi Urtasun,A
Alberto Martin,A
Harald Frey,A
Walter Cabral,A
Victor Moreno Martin,A
Massine Fall,B
Azaro Roker,B
Anthony Keith Leen Jr,B
Robert Michael Harris II,A
Diego De Blas Morcillo,B
Leon Kratzer,B
Deane Williams,A
Sebastian Herrera,A
TJ Shorts,A
Yorman Polas Bartolo,A
Finn Delany,B
Jhonathan Dunn,A
Tyson Ward,A
Dominic Lockhart,A
Arnas Velicka,A
Aher Uguak,A
Eddy Edigin Jr,B
Kevin Yebo,B
Prentiss Hubb,A
Jacob Patrick,A
Michael Kessens,B
Nelson Weidemann,A
Shonn Miller,B
Collin Malcolm,A
Mindaugas Susinskas,A
Kevin Wohlrath,A
Patrick Heckmann,A
Karsten Tadda,A
Solomon Young,B
Jaromir Bohacik,A
Jonas Richter,B
Gabriel Chachashvili,B
Jonathan Baehre,A
Spencer Reaves,A
Christian Sengfelder,B
Niels Giffey,A
Marko Filipovity,B
Justin Johnson,B
Zachary Ensminger,A
Will Cherry,A
Gerel Simmons,A
Amir Bell,A
Elias Valtonen,A
Kendale McCullum,A
Jeremy Morgan,A
Jeff Roberson,A
Isaiah Whitehead,A
Rihards Lomazs,A
Martinas Geben,B
Devin Robinson,B
Jordan Davis,A
Aaron Ganal,A
Dan Duscak,A
Lucas Mari Tardio,A
Sergio De Larrea,A
Hugo Lopez Barrantes,B
Alonso Meana Perez,A
Pavel Savkov,A
Gonzalo Bressan,B
Marinus Lucas N'Guessan,B
Willy Isiani,A
Tomas Chapero,B
Alberto Diaz,A
Emil Stoilov,B
Guilermo Mulero Maldonado,A
Musa Sagnia,A
Keith Langford,A
DeAndre Lansdowne,A
Jean-Baptiste Maille,A
Jaromir Bohacik,A
Jonas Maciulis,A
Leopold Cavaliere,B
Brandon Jefferson,A
Bonzie Colson II,A
Ishmail Wainright,A
Matt Lojeski,A
Linos Chrysikopoulos,A
Nikolaos Rogkavopoulos,A
Bennet Hundt,A
Daryl Macon,A
Nikos Gkikas,A
Yannis Morin,B
Steven Gray,A
Ike Udanoh,B
Michele Vitali,A
Yanick Moreira,B
Christian Sengfelder,B
Alexandre Pierre Louis Chassang,B
Jacques Alingue,B
Axel Philippe Jean Julien,A
Abdulaye Loum,B
Hans Vanwijn,A
Chase Fieler,A
Dominic Lockhart,A
Chase Simon,A
Dmitrios Katsivelis,A
Vladimir Jankovic,A
David Kravish,B
Kenneth Ogbe,A
Devon Hall,A
Charles Galliou,A
David Holston,A
Nikolaos Zisis,A
Jaron Johnson,A
Marcus Slaughter,A
Robert Lowery,A
Alex Ruoff,A
Jesse Hunt,A
Jayson Tchicamboud,A
Brock Motum,A
Nicolas Lang,A
Michael Stockton,A
Gregor Hrovat,A
Tre McLean,A
Hugo Invernizzi,B
Dimitris Moraitis,A
Jerry Boutsiele,B
Marcus Ginyard,A
Grismay Paumier,B
Marcus Foster,A
Marvin Jones,B
Timothe Joseph Christian Crusol,A
Lasannah V Kromah,A
Gerry Blakes,A
Panagiotis Vasilopoulos,A
Philip Scrubb,A
Nianta Diarra,B
Terran Petteway,A
Tyler Larson,A
Yoan Makoundou,B
Christos Saloustros,A
Vafessa Moise Fofana,A
Ludovic Beyhurst,A
Jaye Crockett,B
Speedy Smith,A
Glenn Cosey,A
Alex Hamilton,A
Zois Karampelas,A
DeMarcus Nelson,A
Evangelos Mantzaris,A
Olivier Zacharie Hanlan,A
Loukas Mavrokefalidis,B
Scott Suggs,A
Skyler Bowlin,A
Michalis Tsairelis,A
Dimitrios Verginis,A
Elias Lasisi,A
Chris Horton,B
Erik McCree,A
Vassilis Kavvadas,B
Stavros Schizas,A
Deishuan Booker,A
Jonah Radebaugh,A
Justin Simon,A
Leopold Cavaliere,B
Yorman Polas Bartolo,A
Jonas Wohlfarth-Bottermann,B
DeAndre Lansdowne,A
Ike Udanoh,B
Jean-Baptiste Maille,A
Lucas Herzog,A
Johannes Patrick,A
Oleksandr Lypovyy,A
Jordan Hulls,A
Gaylor Curier,A
Chris Dowe,A
Matt Mitchell,A
Toni Katic,A
Jacques Alingue,B
David Holston,A
Rashard Kelly,B
Jonathan Baehre,B
Robin Ducote,A
Charles Galliou,A
Abdulaye Loum,B
Gavin Ware,B
Tremmell Darden,B
James Woodard,A
Yannis Morin,B
Jacob Patrick,A
Sean Evans,B
Chase Simon,A
Jaromir Bohacik,A
Rawle Alkins,A
Vasileios Toliopoulos,A
Vassilis Mouratos,A
John Daniel Roberson Roberson,A
Dimitrios Kaklamanakis,B
Trevon Bluiett,A
Ethan Happ,B
Al-Wajid Aminu,B
Demetre Rivers,B
Marvin Jones,B
Petros Geromichalos,B
Jerry Alexander Smith,A
Andreas Christodoulou,A
Kameron Milton Allante Taylor,A
Georgios Kamperidis,A
David DiLeo,B
Alexandros Nikolaidis,A
Nikos Kamarianos,B
Nikos Persidis,A
Joaquin Quino Colom,A
Jermaine Love-Roberts,A
Steven Gray,A
Ricky Paulding,A
Eric Griffin,A
Vladimir Jankovic,A
Bennet Hundt,A
Tyson Carter,A
Phil Pressey,A
Tai Odiase,B
Sebastian Herrera,A
Nikos Pappas,A
Tekele Cotton,A
Martin Breunig,B
Cameron Clark,A
Alen Pjanic,A
Ian Hummer,B
Braian Angola-Rodas,A
TJ Holyfield,A
Dimitrios Flionis,A
Panagiotis Filippakos,B
Jordan Howard,A
Vangelis Mantzaris,A
Tony Crocker,A
Kenny Goins,B
Marcus Lewis,A
Malcom Griffin,A
Max Heidegger,A
Matt Williams Jr.,A
Andreas Petropoulos,A
Dimitrios Mavroeidis,B
Marcel Ponitka,A
Michal Michalak,A
Sek Henry,A
Jeremiah Hill,A
Terrell Gomez,A
Akil Mitchell,B
Tre McLean,A
Giorgos Bogris,B
Trevis Simpson,A
Scott Bamforth,A
Ian Miller,A
Patrick Heckmann,A
Dominic Lockhart,A
Linos Chrysikopoulos,A
Will Cherry,A
Dmitrios Katsivelis,A
Dante Cunningham,B
Christos Saloustros,A
Dimitris Moraitis,A
Martinas Geben,B
Terran Petteway,A
TaShawn Thomas,B
Gerald Robinson,A
Erik McCree,A
Danilo Brnovic,A
Williams Narace,B
Chad Brown,B
Justin Robinson,A
Kenneth Ogbe,A
Christian Sengfelder,B
Terry Tarpey,A
Valentin Chery,B
Omar Prewitt,A
Deishuan Booker,A
Kenny Baptiste,A
Matthieu Gauzin,A
Ioannis Kouzeloglou,A
Quincy Ford,A
Jorge Gutierrez,A
Wesley Gordon,B
Ian Miller,A
Chad Brown,B
Josh Hagins,A
Darel Poirier,B
Diante Garrett,A
Mouhammad Faye,B
Michael Carrera Gamboa,B
Guillem Ferrando Porro,A
Sasa Borovnjak,B
Josep Franch,A
Khyri Thomas,A
Txemi Urtasun,A
Javier Garcia,A
Simas Jarumbauskas,A
Tomasz Gielo,A
Loic Schwartz,A
Jared Savage,A
Orlando Coleman,A
Conner Frankamp,A
Reginald Lynch,B
Will Thomas,A
David Kravish,B
Dylan Osetkowsky,B
Melvin Ejim,B
Tyler Kalinosky,A
Kendrick Perry,A
Tyson Carter,A
Aaron Doornekamp,A
Tim Abromaitis,A
Nihad Djedovic,A
Bruno Fitipaldo,A
Marcelinho Huertas,A
Juan Pablo Vaulet,B
Xavi Rabaseda,A
Jonathan Barreiro,A
Emir Sulejmanovic,B
Jaime Fernandez Bernabe,A
Dario Brizuela,A
Artem Pustovyi,B
Thaddeus McFadden,A
Nemanja Nenadic,A
Ethan Happ,B
Elgin Cook,A
Michale Kyser,B
Adam Smith,A
Alex Reyes,A
Daniel Perez,A
Ilimane Diop,B
David Jelinek,A
Nemanja Radovic,A
Sergi Garcia,A
Tomas Bellas,A
Giorgi Shermadini,B
Marcis Steinbergs,B
Brancou Badio,A
Scott Bamforth,A
Francisco Guerra,B
Jordan Sakho,B
Luka Brajkovic,B
Jerrick Harding,A
Sasu Salin,A
Sadiel Rojas,A
Stefan Momirov,A
Denzel Andersson,A
Giorgos Tsalmpouris,B
Moussa Diagne,B
Joan Sastre,A
Frankie Ferrari,A
Tyson Perez,A
Nikola Radicevic,A
Toni Nakic,A
Agustin Ubal,A
James Anderson,A
Sergi Quintela Salvador,A
Travis Trice,A
Guillem Jou,A
Ivan Cruz,A
Yankuba Sima,B
Francisco Alonso,A
Adam Waczynski,A
Kassius Robertson,A
Jeff Withey,B
Marko Lukovic,A
Daniel Garcia,A
Ludde Hakanson,A
Vladimir Brodziansky,A
Ryan Luther,A
Babatunde Olumuyiwa,B
Leandro Bolmaro,A
Augusto Lima,B
Dusan Ristic,B
Nikola Tanaskovic,B
Arnas Velicka,A
Rihards Lomazs,A
Rasid Mahalbasic,B
Edgar Sosa,A
